{"count":1,"gauges":{},"self":24.5087568,"total":28.416466,"children":{"AgentResetIfDone":{"count":1402,"self":0.0280002,"total":0.0280002,"children":null},"AgentSendState":{"count":1402,"self":0.0700671,"total":0.0970359,"children":{"CollectObservations":{"count":2808,"self":0.026968799999999998,"total":0.026968799999999998,"children":null}}},"DecideAction":{"count":1402,"self":3.3981512,"total":3.6525656,"children":{"RayPerceptionSensor.Perceive":{"count":2808,"self":0.2544145,"total":0.2544145,"children":null}}},"AcademyStep":{"count":1402,"self":0.0079919,"total":0.0079919,"children":null},"AgentAct":{"count":1402,"self":0.1201174,"total":0.1201174,"children":null}}}